generation,selfStdDev,selfVx,selfVy,headOnOffset,headOnStdDev,headOnVx,headOnVy,fitness,accident
0,2.8544584190284095,289.8300724043962,-0.1392117480118884,379.22267041318526,0.8745989764626061,233.5869345221583,-40.81376031107499,1.13764785E-4,0
0,3.6133296078420782,283.54719178914735,-43.12041267439266,-45.858105975134606,6.017529795594862,248.23120363917408,43.353255601643255,9.7261276E-5,0
0,7.357791132174729,209.19745849745723,-62.47472231518573,-462.05112649668314,8.335948805179314,267.5506839773874,-47.82439805917888,9.91994E-5,0
0,2.336158566575506,283.97729311178165,-55.31997705343286,483.7853322857777,14.252211135053836,260.5617703333966,-39.77620151444329,9.328175E-5,0
0,12.697955784889952,280.62163727280466,33.77639240388993,-326.6214423675229,7.855688224256379,261.63306858724866,-50.16500292122699,9.1028196E-5,0
1,12.697955784889952,280.62163727280466,33.77639240388993,-326.6214423675229,7.855688224256379,267.5506839773874,-47.82439805917888,8.869876E-5,0
1,7.357791132174729,209.19745849745723,-62.47472231518573,-462.05112649668314,8.335948805179314,261.63306858724866,-50.16500292122699,1.0049496E-4,0
1,2.336158566575506,283.97729311178165,-55.31997705343286,-462.08696391515906,8.335948805179314,267.5506839773874,-47.82439805917888,9.1576614E-5,0
1,7.357791132174729,209.19745849745723,-62.47472231518573,483.7853322857777,14.252211135053836,260.5617703333966,-39.77620151444329,1.0069606E-4,0
1,2.8544584190284095,289.8300724043962,-0.1392117480118884,379.22267041318526,0.8745989764626061,233.5869345221583,-40.81376031107499,1.13764785E-4,0
2,7.357791132174729,209.19745849745723,-62.47472231518573,483.7853322857777,14.252211135053836,260.7298233495179,-40.81376031107499,1.0065918E-4,0
2,2.8544584190284095,289.8300724043962,-0.1392117480118884,379.22267041318526,0.8745989764626061,233.5869345221583,-39.77620151444329,1.13847695E-4,0
2,2.336158566575506,289.8300724043962,-0.1392117480118884,379.22267041318526,0.8745989764626061,233.5869345221583,-47.82439805917888,1.131968E-4,0
2,2.8544584190284095,283.97729311178165,-55.440527531821516,-462.08696391515906,8.335948805179314,267.5506839773874,-40.81376031107499,9.145183E-5,0
2,7.357791132174729,209.19745849745723,-62.47472231518573,-462.05112649668314,8.335948805179314,261.63306858724866,-39.77620151444329,1.0049957E-4,0
3,7.357791132174729,209.19745849745723,-0.1392117480118884,379.08563086030296,0.8745989764626061,260.7298233495179,-40.81376031107499,1.0073787E-4,0
3,2.8544584190284095,289.8300724043962,-62.47472231518573,483.7853322857777,14.252211135053836,233.5869345221583,-39.77620151444329,1.1071477E-4,0
3,7.357791132174729,209.19745849745723,-62.47472231518573,483.7853322857777,14.252211135053836,260.7298233495179,-40.75759031400764,1.0065915E-4,0
3,7.357791132174729,209.19745849745723,-62.47472231518573,483.7853322857777,14.252211135053836,260.7784190698018,-40.81376031107499,1.00648365E-4,0
3,2.8544584190284095,289.8300724043962,-0.1392117480118884,379.22267041318526,0.8745989764626061,233.5869345221583,-39.77620151444329,1.13847695E-4,0
4,7.357791132174729,209.19745849745723,-0.1392117480118884,379.22267041318526,0.8745989764626061,233.5869345221583,-39.77620151444329,1.071809E-4,0
4,2.8544584190284095,289.8300724043962,-0.1392117480118884,379.08563086030296,0.8745989764626061,260.7298233495179,-40.81376031107499,9.563582E-5,0
4,7.357791132174729,209.19745849745723,-62.47472231518573,483.7853322857777,14.252211135053836,260.7784190698018,-40.81376031107499,1.00648365E-4,0
4,7.357791132174729,209.19745849745723,-62.47472231518573,483.7853322857777,14.252211135053836,260.7298233495179,-40.75759031400764,1.0065915E-4,0
4,7.357791132174729,209.19745849745723,-62.47472231518573,483.87171938375576,14.252211135053836,233.5869345221583,-39.77620151444329,1.0708592E-4,0
5,2.8544584190284095,289.8300724043962,-0.1392117480118884,379.08563086030296,0.8745989764626061,260.7298233495179,-40.81376031107499,9.563582E-5,0
5,2.8544584190284095,289.8300724043962,-0.1392117480118884,379.08563086030296,0.8745989764626061,260.7298233495179,-40.81376031107499,9.563582E-5,0
5,7.357791132174729,209.19745849745723,-62.47472231518573,483.87171938375576,14.38982278640431,233.5869345221583,-39.77620151444329,1.0708583E-4,0
5,7.357791132174729,209.19745849745723,-62.47472231518573,483.7853322857777,14.252211135053836,260.7298233495179,-40.75759031400764,1.0065915E-4,0
5,7.357791132174729,209.19745849745723,-0.1392117480118884,379.22267041318526,0.8745989764626061,260.7298233495179,-40.81376031107499,1.00737816E-4,0
6,7.357791132174729,209.19745849745723,-62.445073605290204,483.7853322857777,14.252211135053836,260.7298233495179,-40.75759031400764,1.0065917E-4,0
6,7.357791132174729,209.19745849745723,-62.47472231518573,483.7853322857777,14.252211135053836,260.7298233495179,-40.75759031400764,1.0065915E-4,0
6,7.357791132174729,209.19745849745723,-62.47472231518573,379.22267041318526,0.8745989764626061,260.7298233495179,-40.81376031107499,1.0071431E-4,0
6,7.357791132174729,209.19745849745723,-0.1392117480118884,483.87171938375576,14.38982278640431,233.5869345221583,-39.77620151444329,1.0712321E-4,0
6,7.357791132174729,289.8300724043962,-0.07341163543574912,379.08563086030296,0.8745989764626061,260.7298233495179,-40.81376031107499,9.536927E-5,0
7,7.357791132174729,289.8300724043962,-0.07341163543574912,483.87171938375576,14.38982278640431,233.5869345221583,-39.77620151444329,1.1508335E-4,0
7,7.357791132174729,209.19745849745723,-0.14664854380026202,379.08563086030296,0.8745989764626061,260.7298233495179,-40.81376031107499,1.0073787E-4,0
7,7.357791132174729,209.19745849745723,-62.445073605290204,483.7853322857777,14.252211135053836,260.7298233495179,-40.75759031400764,1.0065917E-4,0
7,7.357791132174729,209.19745849745723,-62.47472231518573,379.22267041318526,0.8745989764626061,260.7298233495179,-40.81376031107499,1.0071431E-4,0
7,7.357791132174729,209.19745849745723,-0.07341163543574912,379.08563086030296,0.8745989764626061,260.7298233495179,-40.75759031400764,1.0073787E-4,0
8,7.357791132174729,209.19745849745723,-62.445073605290204,483.7853322857777,14.252211135053836,260.7298233495179,-40.75759031400764,1.0065917E-4,0
8,7.357791132174729,209.19745849745723,-62.445073605290204,483.7853322857777,14.252211135053836,260.7298233495179,-40.75759031400764,1.0065917E-4,0
8,7.357791132174729,209.19745849745723,-62.47472231518573,379.22267041318526,0.8745989764626061,260.7298233495179,-40.81376031107499,1.0071431E-4,0
8,7.357791132174729,209.19745849745723,-62.445073605290204,483.7853322857777,14.252211135053836,260.7298233495179,-40.75759031400764,1.0065917E-4,0
8,7.357791132174729,209.19745849745723,-62.47472231518573,379.08563086030296,0.8745989764626061,260.7298233495179,-40.75759031400764,1.00714344E-4,0
9,7.357791132174729,209.19745849745723,-62.445073605290204,379.22267041318526,0.8745989764626061,260.7298233495179,-40.81376031107499,1.00714315E-4,0
9,7.357791132174729,209.19745849745723,-62.47472231518573,483.7853322857777,14.252211135053836,260.7298233495179,-40.75759031400764,1.0065915E-4,0
9,7.357791132174729,209.19745849745723,-62.47472231518573,379.08563086030296,14.252211135053836,260.7298233495179,-40.75759031400764,1.00708916E-4,0
9,7.357791132174729,209.19745849745723,-62.445073605290204,483.7853322857777,0.8745989764626061,260.7298233495179,-40.83828545741261,1.00666024E-4,0
9,7.357791132174729,209.19745849745723,-62.445073605290204,379.22267041318526,0.8745989764626061,260.7298233495179,-40.81376031107499,1.00714315E-4,0
10,7.357791132174729,209.19745849745723,-62.445073605290204,379.22267041318526,0.8745989764626061,260.7298233495179,-40.75759031400764,1.0071429E-4,0
10,7.357791132174729,209.19745849745723,-62.47472231518573,379.08563086030296,14.252211135053836,260.7298233495179,-40.81376031107499,1.0070894E-4,0
10,7.357791132174729,209.19745849745723,-62.465355562088924,483.7853322857777,14.252211135053836,260.7298233495179,-40.75759031400764,1.0065916E-4,0
10,7.357791132174729,209.19745849745723,-62.47472231518573,379.08563086030296,14.276215913259401,260.7298233495179,-40.75759031400764,1.0070891E-4,0
10,7.357791132174729,209.19745849745723,-62.445073605290204,379.22267041318526,0.8745989764626061,260.7298233495179,-40.83828545741261,1.0071432E-4,0
11,7.357791132174729,209.25321486419244,-62.465355562088924,483.7853322857777,14.252211135053836,260.7298233495179,-40.75759031400764,1.0064788E-4,0
11,7.357791132174729,209.19745849745723,-62.465355562088924,483.7853322857777,14.252211135053836,260.7298233495179,-40.75759031400764,1.0065916E-4,0
11,7.357791132174729,209.19745849745723,-62.47472231518573,379.08563086030296,14.276215913259401,260.49213289283125,-40.75759031400764,1.0076192E-4,0
11,7.357791132174729,209.19745849745723,-62.47472231518573,379.08563086030296,14.276215913259401,260.78362811832295,-40.75759031400764,1.006969E-4,0
11,7.357791132174729,209.19745849745723,-62.445073605290204,379.22267041318526,0.8745989764626061,260.7298233495179,-40.81376031107499,1.00714315E-4,0
12,7.427800927044788,209.19745849745723,-62.47472231518573,379.08563086030296,14.276215913259401,260.49213289283125,-40.75759031400764,1.0076192E-4,0
12,7.357791132174729,209.38372035943576,-62.47472231518573,379.08563086030296,14.276215913259401,260.49213289283125,-40.75759031400764,1.00724144E-4,0
12,7.357791132174729,209.19745849745723,-62.445073605290204,379.22267041318526,0.8745989764626061,260.7298233495179,-40.81376031107499,1.00714315E-4,0
12,7.357791132174729,209.25321486419244,-62.465355562088924,483.7853322857777,14.252211135053836,260.7298233495179,-40.75759031400764,1.0064788E-4,0
12,7.357791132174729,209.19745849745723,-62.47472231518573,379.08563086030296,14.276215913259401,260.49213289283125,-40.75759031400764,1.0076192E-4,0
13,7.357791132174729,209.25321486419244,-62.465355562088924,483.7853322857777,14.252211135053836,260.7298233495179,-40.75759031400764,1.0064788E-4,0
13,7.357791132174729,209.25321486419244,-62.465355562088924,483.7853322857777,14.252211135053836,260.7298233495179,-40.75759031400764,1.0064788E-4,0
13,7.427800927044788,209.19745849745723,-62.445073605290204,379.22267041318526,0.8745989764626061,260.7298233495179,-40.81376031107499,1.0071432E-4,0
13,7.36860408307449,209.19745849745723,-62.47472231518573,379.08563086030296,14.276215913259401,260.49213289283125,-40.75759031400764,1.0076192E-4,0
13,7.357791132174729,209.38372035943576,-62.47472231518573,379.08563086030296,14.276215913259401,260.49213289283125,-40.75759031400764,1.00724144E-4,0
14,7.357791132174729,209.25321486419244,-62.465355562088924,483.7853322857777,14.252211135053836,260.7298233495179,-40.75759031400764,1.0064788E-4,0
14,7.427800927044788,209.19745849745723,-62.445073605290204,379.22267041318526,0.8745989764626061,260.7298233495179,-40.81376031107499,1.0071432E-4,0
14,7.427800927044788,209.19745849745723,-62.445073605290204,379.22267041318526,0.8745989764626061,260.7298233495179,-40.8468578630092,1.0071434E-4,0
14,7.357791132174729,209.25321486419244,-62.465355562088924,483.7853322857777,14.252211135053836,260.7298233495179,-40.75759031400764,1.0064788E-4,0
14,7.357791132174729,209.25321486419244,-62.465355562088924,483.7853322857777,14.276215913259401,260.49213289283125,-40.75759031400764,1.00700796E-4,0
15,7.427800927044788,209.25321486419244,-62.465355562088924,483.7853322857777,0.8745989764626061,260.7298233495179,-40.8468578630092,1.00654746E-4,0
15,7.357791132174729,209.19745849745723,-62.445073605290204,379.22267041318526,14.252211135053836,260.7298233495179,-40.75759031400764,1.00708865E-4,0
15,7.427800927044788,209.0811156658482,-62.445073605290204,379.22267041318526,14.252211135053836,260.7298233495179,-40.81376031107499,1.0073248E-4,0
15,7.357791132174729,209.25321486419244,-62.465355562088924,483.7853322857777,0.8745989764626061,260.7298233495179,-40.80492375891913,1.0065472E-4,0
15,7.357791132174729,209.25321486419244,-62.465355562088924,483.7853322857777,14.276215913259401,260.7298233495179,-40.75759031400764,1.0064786E-4,0
16,7.357791132174729,209.25321486419244,-62.465355562088924,379.22267041318526,14.252211135053836,260.82290860895966,-40.75759031400764,1.00676814E-4,0
16,7.419077565124752,209.19745849745723,-62.445073605290204,483.7853322857777,14.276215913259401,260.7298233495179,-40.75759031400764,1.0065916E-4,0
16,7.357791132174729,209.25321486419244,-62.465355562088924,483.7853322857777,14.276215913259401,260.7298233495179,-40.75759031400764,1.0064786E-4,0
16,7.357791132174729,209.25321486419244,-62.465355562088924,483.7853322857777,0.8745989764626061,260.7298233495179,-40.80492375891913,1.0065472E-4,0
16,7.357791132174729,209.0811156658482,-62.445073605290204,379.22267041318526,14.252211135053836,260.7298233495179,-40.81376031107499,1.00732475E-4,0
17,7.357791132174729,209.25321486419244,-62.465355562088924,483.7853322857777,14.276215913259401,260.7298233495179,-40.75759031400764,1.0064786E-4,0
17,7.357791132174729,209.31875131906523,-62.465355562088924,483.7853322857777,0.8745989764626061,260.7298233495179,-40.80492375891913,1.0064145E-4,0
17,7.357791132174729,209.0811156658482,-62.445073605290204,483.7853322857777,14.276215913259401,260.7298233495179,-40.75759031400764,1.0068271E-4,0
17,7.419077565124752,209.19745849745723,-62.445073605290204,379.22267041318526,14.252211135053836,260.7298233495179,-40.81376031107499,1.00708894E-4,0
17,7.357791132174729,209.25321486419244,-62.445073605290204,483.7853322857777,0.8745989764626061,260.7298233495179,-40.80492375891913,1.00654725E-4,0
18,7.357791132174729,209.25321486419244,-62.465355562088924,483.7853322857777,14.276215913259401,260.7298233495179,-40.75759031400764,1.0064786E-4,0
18,7.357791132174729,209.25321486419244,-62.445073605290204,483.7525137200176,0.8745989764626061,260.7298233495179,-40.80492375891913,1.0065474E-4,0
18,7.357791132174729,209.25321486419244,-62.445073605290204,483.7853322857777,0.8745989764626061,260.7298233495179,-40.80492375891913,1.00654725E-4,0
18,7.357791132174729,209.25321486419244,-62.465355562088924,483.7853322857777,14.276215913259401,260.7298233495179,-40.75759031400764,1.0064786E-4,0
18,7.357791132174729,209.25321486419244,-62.465355562088924,483.7853322857777,14.276215913259401,260.7298233495179,-40.75759031400764,1.0064786E-4,0
19,7.357791132174729,209.25321486419244,-62.445073605290204,483.7525137200176,0.8745989764626061,260.7298233495179,-40.75759031400764,1.0065472E-4,0
19,7.357791132174729,209.25321486419244,-62.465355562088924,483.7853322857777,14.276215913259401,260.58471574936544,-40.80339938035856,1.0068019E-4,0
19,7.442583942303205,209.25321486419244,-62.445073605290204,483.7853322857777,0.8745989764626061,260.7298233495179,-40.80492375891913,1.0065474E-4,0
19,7.357791132174729,209.25321486419244,-62.445073605290204,483.7525137200176,0.8745989764626061,260.7298233495179,-40.80492375891913,1.0065474E-4,0
19,7.357791132174729,209.25321486419244,-62.465355562088924,483.7853322857777,14.276215913259401,260.7298233495179,-40.75759031400764,1.0064786E-4,0
20,7.357791132174729,209.25321486419244,-62.445073605290204,483.7525137200176,0.8745989764626061,260.7298233495179,-40.75759031400764,1.0065472E-4,0
20,7.357791132174729,209.25321486419244,-62.445073605290204,483.7525137200176,0.8745989764626061,260.7298233495179,-40.80492375891913,1.0065474E-4,0
20,7.357791132174729,209.25321486419244,-62.445073605290204,483.7525137200176,0.8745989764626061,260.7298233495179,-40.75759031400764,1.0065472E-4,0
20,7.346426107911925,209.25321486419244,-62.465355562088924,483.7853322857777,14.276215913259401,260.7298233495179,-40.80492375891913,1.0064789E-4,0
20,7.357791132174729,209.25321486419244,-62.465355562088924,483.7525137200176,0.8745989764626061,260.7298233495179,-40.80492375891913,1.00654725E-4,0
21,7.357791132174729,209.25321486419244,-62.445073605290204,483.7525137200176,0.8745989764626061,260.7298233495179,-40.80492375891913,1.0065474E-4,0
21,7.357791132174729,209.25321486419244,-62.465355562088924,483.7525137200176,0.8745989764626061,260.7298233495179,-40.73314859485512,1.00654695E-4,0
21,7.357791132174729,209.25321486419244,-62.445073605290204,483.9142385297511,0.8745989764626061,260.7298233495179,-40.80492375891913,1.0065466E-4,0
21,7.357791132174729,209.25321486419244,-62.465355562088924,483.7525137200176,0.8745989764626061,260.7298233495179,-40.83766648588214,1.00654746E-4,0
21,7.357791132174729,209.14883278226688,-62.445073605290204,483.7525137200176,0.8745989764626061,260.7298233495179,-40.80492375891913,1.0067587E-4,0
22,7.357791132174729,209.25321486419244,-62.34976266036359,483.7525137200176,0.8745989764626061,260.7298233495179,-40.828803365929815,1.00654805E-4,0
22,7.357791132174729,209.14883278226688,-62.445073605290204,483.7525137200176,0.8745989764626061,260.7298233495179,-40.78978830356624,1.0067587E-4,0
22,7.357791132174729,209.14883278226688,-62.445073605290204,483.9142385297511,0.8745989764626061,260.7298233495179,-40.80492375891913,1.0067579E-4,0
22,7.357791132174729,209.18320816117318,-62.445073605290204,483.7525137200176,0.8745989764626061,260.7298233495179,-40.80492375891913,1.00668905E-4,0
22,7.357791132174729,209.14883278226688,-62.445073605290204,483.7525137200176,0.8745989764626061,260.7298233495179,-40.80492375891913,1.0067587E-4,0
23,7.357791132174729,209.25321486419244,-62.34976266036359,483.7525137200176,0.8745989764626061,260.7298233495179,-40.828803365929815,1.00654805E-4,0
23,7.357791132174729,209.18299272857237,-62.445073605290204,483.9142385297511,0.8745989764626061,260.7298233495179,-40.80492375891913,1.0066887E-4,0
23,7.357791132174729,209.14883278226688,-62.445073605290204,483.7525137200176,0.8745989764626061,260.7298233495179,-40.78978830356624,1.0067587E-4,0
23,7.357791132174729,209.14883278226688,-62.445073605290204,483.7525137200176,0.8745989764626061,260.7298233495179,-40.80492375891913,1.0067587E-4,0
23,7.357791132174729,209.14883278226688,-62.445073605290204,483.9142385297511,0.8745989764626061,260.7298233495179,-40.80492375891913,1.0067579E-4,0
24,7.357791132174729,209.14883278226688,-62.445073605290204,483.7525137200176,0.8745989764626061,260.7298233495179,-40.78978830356624,1.0067587E-4,0
24,7.357791132174729,209.25321486419244,-62.34976266036359,483.7525137200176,0.8745989764626061,260.7298233495179,-40.828803365929815,1.00654805E-4,0
24,7.357791132174729,209.14883278226688,-62.445073605290204,483.9142385297511,0.8745989764626061,260.7298233495179,-40.80492375891913,1.0067579E-4,0
24,7.357791132174729,209.14883278226688,-62.445073605290204,483.9142385297511,0.8745989764626061,260.7298233495179,-40.80492375891913,1.0067579E-4,0
24,7.357791132174729,209.18299272857237,-62.34976266036359,483.7525137200176,0.8745989764626061,260.7298233495179,-40.828803365929815,1.00669015E-4,0
25,7.357791132174729,209.25321486419244,-62.34976266036359,483.7525137200176,0.8745989764626061,260.7298233495179,-40.78978830356624,1.0065479E-4,0
25,7.357791132174729,209.14883278226688,-62.445073605290204,483.7525137200176,0.8745989764626061,260.7298233495179,-40.828803365929815,1.0067588E-4,0
25,7.357791132174729,209.14883278226688,-62.445073605290204,483.9142385297511,0.8745989764626061,260.7298233495179,-40.80492375891913,1.0067579E-4,0
25,7.357791132174729,209.13806415013255,-62.445073605290204,483.9142385297511,0.8020898345124793,260.7298233495179,-40.80492375891913,1.00678E-4,0
25,7.357791132174729,209.14883278226688,-62.445073605290204,483.7525137200176,0.8745989764626061,260.7298233495179,-40.78978830356624,1.0067587E-4,0
26,7.357791132174729,209.13806415013255,-62.445073605290204,483.7525137200176,0.8745989764626061,260.7298233495179,-40.80492375891913,1.0067805E-4,0
26,7.357791132174729,209.25321486419244,-62.34976266036359,483.9142385297511,0.8020898345124793,260.82254265656013,-40.78978830356624,1.00634104E-4,0
26,7.357791132174729,209.14883278226688,-62.55212282888803,483.9142385297511,0.8020898345124793,260.7298233495179,-40.80492375891913,1.0067577E-4,0
26,7.357791132174729,209.13806415013255,-62.445073605290204,483.7525137200176,0.8745989764626061,260.7298233495179,-40.828803365929815,1.00678066E-4,0
26,7.357791132174729,209.26693379480562,-62.34976266036359,483.7525137200176,0.8745989764626061,260.7298233495179,-40.828803365929815,1.00652025E-4,0
27,7.357791132174729,209.13806415013255,-62.445073605290204,483.9142385297511,0.8020898345124793,260.82254265656013,-40.78978830356624,1.0065735E-4,0
27,7.357791132174729,209.25321486419244,-62.34976266036359,483.7525137200176,0.8745989764626061,260.7298233495179,-40.828803365929815,1.00654805E-4,0
27,7.357791132174729,209.25321486419244,-62.34976266036359,483.7525137200176,0.7795212221102511,260.7298233495179,-40.78978830356624,1.0065483E-4,0
27,7.357791132174729,209.13806415013255,-62.445073605290204,483.9142385297511,0.8020898345124793,260.82254265656013,-40.80492375891913,1.0065736E-4,0
27,7.357791132174729,209.26693379480562,-62.34976266036359,483.7525137200176,0.8745989764626061,260.7298233495179,-40.828803365929815,1.00652025E-4,0
28,7.357791132174729,209.41462503828996,-62.34976266036359,483.7525137200176,0.8745989764626061,260.7298233495179,-40.828803365929815,1.0062215E-4,0
28,7.357791132174729,209.26693379480562,-62.34976266036359,483.7525137200176,0.8745989764626061,260.7298233495179,-40.828803365929815,1.00652025E-4,0
28,7.357791132174729,209.13806415013255,-62.445073605290204,483.9142385297511,0.8020898345124793,260.7298233495179,-40.95820118255195,1.0067808E-4,0
28,7.357791132174729,209.25321486419244,-62.34976266036359,483.7525137200176,0.8745989764626061,260.82254265656013,-40.78978830356624,1.00634155E-4,0
28,7.357791132174729,209.13806415013255,-62.445073605290204,483.9142385297511,0.8020898345124793,260.82254265656013,-40.80492375891913,1.0065736E-4,0
29,7.357791132174729,209.26693379480562,-62.34976266036359,483.7525137200176,0.8745989764626061,260.7298233495179,-40.828803365929815,1.00652025E-4,0
29,7.205142378075161,209.26693379480562,-62.34976266036359,483.7525137200176,0.8745989764626061,260.8028587942249,-40.828803365929815,1.00635756E-4,0
29,7.357791132174729,209.13806415013255,-62.34976266036359,483.9142385297511,0.8020898345124793,260.7298233495179,-40.95820118255195,1.0067813E-4,0
29,7.357791132174729,209.25321486419244,-62.445073605290204,483.7525137200176,0.8745989764626061,260.82254265656013,-40.78978830356624,1.00634104E-4,0
29,7.357791132174729,209.41462503828996,-62.34976266036359,483.7525137200176,0.8745989764626061,260.7298233495179,-40.78978830356624,1.0062213E-4,0
30,7.357791132174729,209.26693379480562,-62.34976266036359,483.7525137200176,0.8020898345124793,260.7298233495179,-40.95820118255195,1.0065213E-4,0
30,7.357791132174729,209.13806415013255,-62.34976266036359,483.9142385297511,0.8745989764626061,260.7298233495179,-40.8111471092577,1.0067802E-4,0
30,7.357791132174729,209.25321486419244,-62.34976266036359,483.9142385297511,0.8745989764626061,260.82254265656013,-40.78978830356624,1.0063406E-4,0
30,7.357791132174729,209.13806415013255,-62.445073605290204,483.7525137200176,0.8020898345124793,260.7298233495179,-40.95820118255195,1.0067816E-4,0
30,7.357791132174729,209.13806415013255,-62.34976266036359,483.9142385297511,0.8745989764626061,260.7298233495179,-40.78978830356624,1.00678E-4,0
31,7.357791132174729,209.264760282501,-62.445073605290204,483.9142385297511,0.8745989764626061,260.82254265656013,-40.78978830356624,1.0063168E-4,0
31,7.357791132174729,209.25321486419244,-62.34976266036359,483.7525137200176,0.8020898345124793,260.7298233495179,-40.95820118255195,1.0065491E-4,0
31,7.357791132174729,209.25321486419244,-62.34976266036359,483.9142385297511,0.8745989764626061,260.82254265656013,-40.78978830356624,1.0063406E-4,0
31,7.357791132174729,209.13806415013255,-62.445073605290204,483.7525137200176,0.8020898345124793,260.7298233495179,-40.95820118255195,1.0067816E-4,0
31,7.357791132174729,209.25321486419244,-62.445073605290204,483.7525137200176,0.8020898345124793,260.5979750767279,-40.95820118255195,1.0068422E-4,0
32,7.357791132174729,209.264760282501,-62.445073605290204,483.9142385297511,0.8745989764626061,260.82254265656013,-40.78978830356624,1.0063168E-4,0
32,7.357791132174729,209.25321486419244,-62.34976266036359,483.9142385297511,0.8745989764626061,260.82254265656013,-40.78978830356624,1.0063406E-4,0
32,7.357791132174729,209.28315857062748,-62.445073605290204,483.7525137200176,0.8020898345124793,260.82254265656013,-40.78978830356624,1.0062808E-4,0
32,7.357791132174729,209.13806415013255,-62.445073605290204,483.9142385297511,0.8745989764626061,260.7298233495179,-40.95820118255195,1.00678044E-4,0
32,7.357791132174729,209.264760282501,-62.445073605290204,483.9142385297511,0.8745989764626061,260.82254265656013,-40.78978830356624,1.0063168E-4,0
33,7.357791132174729,209.13806415013255,-62.445073605290204,483.9142385297511,0.8745989764626061,260.7298233495179,-40.95820118255195,1.00678044E-4,0
33,7.357791132174729,209.13806415013255,-62.445073605290204,483.9142385297511,0.8745989764626061,260.7298233495179,-40.95820118255195,1.00678044E-4,0
33,7.357791132174729,209.13806415013255,-62.445073605290204,483.9142385297511,0.8745989764626061,260.7298233495179,-40.95820118255195,1.00678044E-4,0
33,7.357791132174729,209.264760282501,-62.445073605290204,483.9142385297511,0.8745989764626061,260.82254265656013,-40.78978830356624,1.0063168E-4,0
33,7.357791132174729,209.28315857062748,-62.445073605290204,483.7525137200176,0.7485944004494534,260.82254265656013,-40.78978830356624,1.0062811E-4,0
34,7.357791132174729,209.13806415013255,-62.445073605290204,483.9142385297511,0.8745989764626061,260.7298233495179,-40.95820118255195,1.00678044E-4,0
34,7.357791132174729,209.13806415013255,-62.445073605290204,483.9142385297511,0.8745989764626061,260.7298233495179,-40.95820118255195,1.00678044E-4,0
34,7.357791132174729,209.13806415013255,-62.445073605290204,483.9142385297511,0.8745989764626061,260.7298233495179,-40.95820118255195,1.00678044E-4,0
34,7.357791132174729,209.264760282501,-62.445073605290204,483.9142385297511,0.8745989764626061,260.88229546024706,-40.78978830356624,1.0061839E-4,0
34,7.357791132174729,209.13806415013255,-62.445073605290204,483.9142385297511,0.8745989764626061,260.82254265656013,-40.95820118255195,1.006574E-4,0
35,7.357791132174729,209.13806415013255,-62.445073605290204,483.9142385297511,0.8745989764626061,260.7298233495179,-40.95820118255195,1.00678044E-4,0
35,7.357791132174729,209.13806415013255,-62.445073605290204,483.9142385297511,0.8745989764626061,260.82254265656013,-40.95820118255195,1.006574E-4,0
35,7.357791132174729,209.13806415013255,-62.445073605290204,483.9142385297511,0.8745989764626061,260.7298233495179,-40.95820118255195,1.00678044E-4,0
35,7.357791132174729,209.13806415013255,-62.415686027676756,483.9142385297511,0.8745989764626061,260.7298233495179,-40.95820118255195,1.00678066E-4,0
35,7.357791132174729,209.13806415013255,-62.417399445767174,483.8228374759279,0.9492260152639703,260.7298233495179,-40.95820118255195,1.0067807E-4,0
36,7.357791132174729,209.13806415013255,-62.445073605290204,483.9142385297511,0.8745989764626061,260.8223563894104,-40.95820118255195,1.0065744E-4,0
36,7.357791132174729,209.13806415013255,-62.415686027676756,483.9142385297511,0.8745989764626061,260.7298233495179,-40.95820118255195,1.00678066E-4,0
36,7.357791132174729,209.18436011569662,-62.445073605290204,483.9142385297511,0.8745989764626061,260.7298233495179,-40.99721987870761,1.0066869E-4,0
36,7.357791132174729,209.13806415013255,-62.445073605290204,483.9142385297511,0.8745989764626061,260.7298233495179,-40.95820118255195,1.00678044E-4,0
36,7.357791132174729,209.13806415013255,-62.445073605290204,483.9142385297511,0.8745989764626061,260.82254265656013,-40.95820118255195,1.006574E-4,0
37,7.357791132174729,209.13806415013255,-62.415686027676756,483.9142385297511,0.8745989764626061,260.7298233495179,-40.95820118255195,1.00678066E-4,0
37,7.357791132174729,209.13806415013255,-62.445073605290204,483.9142385297511,0.8745989764626061,260.7298233495179,-40.95820118255195,1.00678044E-4,0
37,7.357791132174729,209.1424730034141,-62.445073605290204,483.9142385297511,0.8745989764626061,260.7298233495179,-40.95820118255195,1.0067715E-4,0
37,7.357791132174729,209.13806415013255,-62.415686027676756,483.9142385297511,0.8745989764626061,260.7298233495179,-40.95820118255195,1.00678066E-4,0
37,7.357791132174729,209.13806415013255,-62.445073605290204,483.9142385297511,0.8745989764626061,260.8542643001149,-40.984535914298775,1.0065035E-4,0
38,7.357791132174729,209.13806415013255,-62.445073605290204,483.9142385297511,0.8745989764626061,260.8542643001149,-40.984535914298775,1.0065035E-4,0
38,7.357791132174729,209.13806415013255,-62.445073605290204,483.9142385297511,0.8745989764626061,260.8542643001149,-40.984535914298775,1.0065035E-4,0
38,7.357791132174729,209.13806415013255,-62.445073605290204,483.9142385297511,0.8745989764626061,260.7298233495179,-40.984535914298775,1.00678066E-4,0
38,7.357791132174729,209.13806415013255,-62.415686027676756,483.9142385297511,0.8745989764626061,260.8542643001149,-40.95820118255195,1.0065035E-4,0
38,7.357791132174729,209.1424730034141,-62.445073605290204,483.9142385297511,0.8745989764626061,260.7298233495179,-40.95820118255195,1.0067715E-4,0
39,7.357791132174729,209.13806415013255,-62.445073605290204,483.9142385297511,0.8745989764626061,260.8542643001149,-40.984535914298775,1.0065035E-4,0
39,7.357791132174729,209.13806415013255,-62.445073605290204,483.9142385297511,0.8745989764626061,260.8542643001149,-40.984535914298775,1.0065035E-4,0
39,7.357791132174729,209.13806415013255,-62.445073605290204,483.9142385297511,0.8745989764626061,260.8542643001149,-40.95820118255195,1.0065034E-4,0
39,7.357791132174729,209.13806415013255,-62.415686027676756,483.9142385297511,0.8745989764626061,260.7818885579988,-40.984535914298775,1.0066648E-4,0
39,7.357791132174729,209.13806415013255,-62.445073605290204,483.9142385297511,0.8745989764626061,260.8542643001149,-40.984535914298775,1.0065035E-4,0
